{"cameraMode":{"drawMode":0,"name":"Shaded","section":"Shading Mode"},"sceneLighting":false,"audioPlay":false,"sceneViewState":{"m_AlwaysRefresh":false,"showFog":true,"showSkybox":false,"showFlares":true,"showImageEffects":true,"showParticleSystems":true,"showVisualEffectGraphs":true,"m_FxEnabled":true},"in2DMode":false,"pivot":{"x":1.5927796363830567,"y":0.8538188338279724,"z":1.5438830852508546},"rotation":{"x":0.05092545598745346,"y":-0.9456899762153626,"z":0.18207961320877076,"w":0.2644849419593811},"size":3.809274673461914,"orthographic":false}